{"v":"5.7.0","fr":30,"ip":0,"op":65,"w":606,"h":378,"nm":"Swipe right and left","ddd":0,"assets":[],"layers":[{"ddd":0,"ind":1,"ty":4,"nm":"Lines","sr":1,"ks":{"o":{"a":0,"k":100,"ix":11},"r":{"a":0,"k":-5.876,"ix":10},"p":{"a":0,"k":[182.603,100.5,0],"ix":2},"a":{"a":0,"k":[101,-84,0],"ix":1},"s":{"a":0,"k":[109.881,100,100],"ix":6}},"ao":0,"shapes":[{"ty":"gr","it":[{"ind":0,"ty":"sh","ix":1,"ks":{"a":0,"k":{"i":[[-74.5,29],[0,0]],"o":[[130.5,-62],[0,0]],"v":[[-38.5,-90],[242,-135.5]],"c":false},"ix":2},"nm":"Path 1","mn":"ADBE Vector Shape - Group","hd":false},{"ty":"st","c":{"a":0,"k":[0.650980392157,0.650980392157,0.650980392157,1],"ix":3},"o":{"a":0,"k":100,"ix":4},"w":{"a":0,"k":6,"ix":5},"lc":2,"lj":1,"ml":4,"bm":0,"nm":"Stroke 1","mn":"ADBE Vector Graphic - Stroke","hd":false},{"ty":"tr","p":{"a":0,"k":[0,72],"ix":2},"a":{"a":0,"k":[0,0],"ix":1},"s":{"a":0,"k":[100,100],"ix":3},"r":{"a":0,"k":0,"ix":6},"o":{"a":0,"k":100,"ix":7},"sk":{"a":0,"k":0,"ix":4},"sa":{"a":0,"k":0,"ix":5},"nm":"Transform"}],"nm":"Shape 3","np":3,"cix":2,"bm":0,"ix":1,"mn":"ADBE Vector Group","hd":false},{"ty":"gr","it":[{"ind":0,"ty":"sh","ix":1,"ks":{"a":0,"k":{"i":[[-74.5,29],[0,0]],"o":[[124.5,-39],[0,0]],"v":[[19.466,-109.619],[277.204,-126.51]],"c":false},"ix":2},"nm":"Path 1","mn":"ADBE Vector Shape - Group","hd":false},{"ty":"st","c":{"a":0,"k":[0.650980392157,0.650980392157,0.650980392157,1],"ix":3},"o":{"a":0,"k":100,"ix":4},"w":{"a":0,"k":6,"ix":5},"lc":2,"lj":1,"ml":4,"bm":0,"nm":"Stroke 1","mn":"ADBE Vector Graphic - Stroke","hd":false},{"ty":"tr","p":{"a":0,"k":[0,20],"ix":2},"a":{"a":0,"k":[0,0],"ix":1},"s":{"a":0,"k":[100,100],"ix":3},"r":{"a":0,"k":0,"ix":6},"o":{"a":0,"k":100,"ix":7},"sk":{"a":0,"k":0,"ix":4},"sa":{"a":0,"k":0,"ix":5},"nm":"Transform"}],"nm":"Shape 2","np":3,"cix":2,"bm":0,"ix":2,"mn":"ADBE Vector Group","hd":false},{"ty":"gr","it":[{"ind":0,"ty":"sh","ix":1,"ks":{"a":0,"k":{"i":[[-74.5,29],[0,0]],"o":[[127.5,-50],[0,0]],"v":[[-44.5,-99],[242,-135.5]],"c":false},"ix":2},"nm":"Path 1","mn":"ADBE Vector Shape - Group","hd":false},{"ty":"st","c":{"a":0,"k":[0.650980392157,0.650980392157,0.650980392157,1],"ix":3},"o":{"a":0,"k":100,"ix":4},"w":{"a":0,"k":6,"ix":5},"lc":2,"lj":1,"ml":4,"bm":0,"nm":"Stroke 1","mn":"ADBE Vector Graphic - Stroke","hd":false},{"ty":"tr","p":{"a":0,"k":[0,0],"ix":2},"a":{"a":0,"k":[0,0],"ix":1},"s":{"a":0,"k":[100,100],"ix":3},"r":{"a":0,"k":0,"ix":6},"o":{"a":0,"k":100,"ix":7},"sk":{"a":0,"k":0,"ix":4},"sa":{"a":0,"k":0,"ix":5},"nm":"Transform"}],"nm":"Shape 1","np":3,"cix":2,"bm":0,"ix":3,"mn":"ADBE Vector Group","hd":false},{"ty":"tm","s":{"a":1,"k":[{"i":{"x":[0.833],"y":[0.833]},"o":{"x":[0.167],"y":[0.167]},"t":18,"s":[0]},{"t":27,"s":[100]}],"ix":1},"e":{"a":1,"k":[{"i":{"x":[0],"y":[1]},"o":{"x":[0.611],"y":[0]},"t":6,"s":[0]},{"t":20,"s":[100]}],"ix":2},"o":{"a":0,"k":0,"ix":3},"m":1,"ix":4,"nm":"Trim Paths 1","mn":"ADBE Vector Filter - Trim","hd":false}],"ip":300,"op":300,"st":0,"bm":0,"hidden":0},{"ddd":0,"ind":2,"ty":4,"nm":"Hand","sr":1,"ks":{"o":{"a":0,"k":100,"ix":11},"r":{"a":1,"k":[{"i":{"x":[0.667],"y":[1]},"o":{"x":[0.333],"y":[0]},"t":0,"s":[0]},{"i":{"x":[0.667],"y":[1]},"o":{"x":[0.333],"y":[0]},"t":15,"s":[23]},{"i":{"x":[0.667],"y":[1]},"o":{"x":[0.333],"y":[0]},"t":56,"s":[23]},{"t":65,"s":[0]}],"ix":10},"p":{"a":1,"k":[{"i":{"x":0.667,"y":1},"o":{"x":0.333,"y":0},"t":0,"s":[193.223,333.278,0],"to":[0,0,0],"ti":[0,0,0]},{"i":{"x":0.667,"y":0.667},"o":{"x":0.333,"y":0.333},"t":15,"s":[481.223,333.278,0],"to":[0,0,0],"ti":[0,0,0]},{"i":{"x":0.667,"y":1},"o":{"x":0.333,"y":0},"t":56,"s":[481.223,333.278,0],"to":[0,0,0],"ti":[0,0,0]},{"t":65,"s":[193.223,333.278,0]}],"ix":2},"a":{"a":0,"k":[235.306,398.654,0],"ix":1},"s":{"a":0,"k":[29.418,29.418,100],"ix":6}},"ao":0,"shapes":[{"ty":"gr","it":[{"ind":0,"ty":"sh","ix":1,"ks":{"a":0,"k":{"i":[[0,0],[148.103,-164.358],[-15.708,57.69]],"o":[[0,0],[50.914,-4.012],[35.838,-158.799]],"v":[[314.927,-33.711],[211.093,355.113],[363.763,256.887]],"c":true},"ix":2},"nm":"Path 1","mn":"ADBE Vector Shape - Group","hd":false},{"ty":"st","c":{"a":0,"k":[1,0.8705882352941177,0.6980392156862745,1],"ix":3},"o":{"a":0,"k":100,"ix":4},"w":{"a":0,"k":0,"ix":5},"lc":1,"lj":1,"ml":4,"bm":0,"nm":"Stroke 1","mn":"ADBE Vector Graphic - Stroke","hd":false},{"ty":"fl","c":{"a":0,"k":[1,0.8784313725490196,0.7215686274509804,1],"ix":4},"o":{"a":0,"k":100,"ix":5},"r":1,"bm":0,"nm":"Fill 1","mn":"ADBE Vector Graphic - Fill","hd":false},{"ty":"tr","p":{"a":0,"k":[-5,-19],"ix":2},"a":{"a":0,"k":[0,0],"ix":1},"s":{"a":0,"k":[100,100],"ix":3},"r":{"a":0,"k":0,"ix":6},"o":{"a":0,"k":100,"ix":7},"sk":{"a":0,"k":0,"ix":4},"sa":{"a":0,"k":0,"ix":5},"nm":"Transform"}],"nm":"shadow","np":3,"cix":2,"bm":0,"ix":1,"mn":"ADBE Vector Group","hd":false},{"ind":1,"ty":"sh","ix":2,"ks":{"a":1,"k":[{"i":{"x":0.667,"y":1},"o":{"x":0.333,"y":0},"t":0,"s":[{"i":[[42.312,-5.464],[-8.912,-38.164],[-62.1,-217.942],[69.048,-64.859],[-8.946,-10.296],[-28.537,-12.486],[-16.672,-19.816],[0,0],[0,0],[0,0],[39.91,104.237],[0,0],[47.071,-13.559],[27.424,-9.788],[11.633,22.373],[29.26,-11.681],[-1.359,-21.12],[14.492,-4.826],[23.582,64.421],[28.483,-6.017],[-6.627,-24.998],[21.944,-8.927],[8.547,21.8],[15.864,33.778]],"o":[[-34.171,10.682],[32.729,81.658],[-22.689,11.554],[-35.613,44.039],[63.088,48.178],[91.802,63.785],[11.667,22.5],[0,0],[0,0],[0,0],[-32.971,-85.593],[0,0],[-66.913,25.424],[-18.339,6.737],[-8.282,-20],[-27.667,12.592],[2.879,24.219],[-12.307,3.969],[-9.045,-26.257],[-29.599,6.32],[11.95,52.419],[-8.82,1.972],[-35.965,-106.442],[-12.18,-15.511]],"v":[[-223.321,-405.843],[-255.378,-333.201],[-92.565,124.463],[-284.726,38.164],[-274.104,123.856],[-91.802,321.808],[65.825,400.325],[85.74,446.243],[408.381,341.116],[392.562,286.977],[390.599,41.526],[289.187,-208.898],[223.692,-238.983],[194.186,-142.331],[157.011,-223.22],[91.503,-248.489],[61.528,-193.71],[75.019,-120.918],[35.74,-206.794],[-23.398,-242.712],[-58.627,-181.358],[-35.079,-60.565],[-57.514,-94.112],[-163.73,-366.902]],"c":true}]},{"i":{"x":0.667,"y":1},"o":{"x":0.333,"y":0},"t":3,"s":[{"i":[[22.766,-6.314],[-15.71,-32.216],[-62.1,-217.942],[69.048,-64.859],[-8.946,-10.296],[-28.537,-12.486],[-16.672,-19.816],[0,0],[0,0],[0,0],[39.91,104.237],[0,0],[47.071,-13.559],[27.424,-9.788],[11.633,22.373],[29.26,-11.681],[-1.359,-21.12],[14.492,-4.826],[23.582,64.421],[28.483,-6.017],[-6.627,-24.998],[21.944,-8.927],[8.547,21.8],[31.16,34.627]],"o":[[-28.222,5.583],[53.974,81.658],[-22.689,11.554],[-35.613,44.039],[63.088,48.178],[91.802,63.785],[11.667,22.5],[0,0],[0,0],[0,0],[-32.971,-85.593],[0,0],[-66.913,25.424],[-18.339,6.737],[-8.282,-20],[-27.667,12.592],[2.879,24.219],[-12.307,3.969],[-9.045,-26.257],[-29.599,6.32],[11.95,52.419],[-8.82,1.972],[-35.965,-106.442],[-25.777,-31.658]],"v":[[-264.961,-386.297],[-291.92,-311.956],[-92.565,124.463],[-284.726,38.164],[-274.104,123.856],[-91.802,321.808],[65.825,400.325],[85.74,446.243],[408.381,341.116],[392.562,286.977],[390.599,41.526],[289.187,-208.898],[223.692,-238.983],[194.186,-142.331],[157.011,-223.22],[91.503,-248.489],[61.528,-193.71],[75.019,-120.918],[35.74,-206.794],[-23.398,-242.712],[-58.627,-181.358],[-35.079,-60.565],[-57.514,-94.112],[-198.572,-350.756]],"c":true}]},{"i":{"x":0.667,"y":1},"o":{"x":0.333,"y":0},"t":13,"s":[{"i":[[24.358,-8.405],[-12.277,-46.461],[-76.249,-220.921],[69.048,-64.859],[-8.946,-10.296],[-28.537,-12.486],[-16.672,-19.816],[0,0],[0,0],[0,0],[39.91,104.237],[0,0],[47.071,-13.559],[27.424,-9.788],[11.633,22.373],[29.26,-11.681],[-1.359,-21.12],[14.492,-4.826],[23.582,64.421],[28.483,-6.017],[-6.627,-24.998],[21.944,-8.927],[8.547,21.8],[16.328,46.925]],"o":[[-26.144,10.875],[27.61,93.182],[-22.689,11.554],[-35.613,44.039],[63.088,48.178],[91.802,63.785],[11.667,22.5],[0,0],[0,0],[0,0],[-32.971,-85.593],[0,0],[-66.913,25.424],[-18.339,6.737],[-8.282,-20],[-27.667,12.592],[2.879,24.219],[-12.307,3.969],[-9.045,-26.257],[-29.599,6.32],[11.95,52.419],[-8.82,1.972],[-37.672,-106.434],[-15.979,-45.714]],"v":[[-216.734,-418.401],[-245.256,-337.303],[-92.565,124.463],[-284.726,38.164],[-274.104,123.856],[-91.802,321.808],[65.825,400.325],[85.74,446.243],[408.381,341.116],[392.562,286.977],[390.599,41.526],[289.187,-208.898],[223.692,-238.983],[194.186,-142.331],[157.011,-223.22],[91.503,-248.489],[61.528,-193.71],[75.019,-120.918],[35.74,-206.794],[-23.398,-242.712],[-58.627,-181.358],[-35.079,-60.565],[-57.514,-94.112],[-150.505,-375.406]],"c":true}]},{"i":{"x":0.667,"y":1},"o":{"x":0.333,"y":0},"t":17,"s":[{"i":[[36.314,-12.498],[0.692,-60.275],[-81.332,-222.456],[69.048,-64.859],[-8.946,-10.296],[-28.537,-12.486],[-16.672,-19.816],[0,0],[0,0],[0,0],[39.91,104.237],[0,0],[47.071,-13.559],[27.424,-9.788],[11.633,22.373],[29.26,-11.681],[-1.359,-21.12],[14.492,-4.826],[23.582,64.421],[28.483,-6.017],[-6.627,-24.998],[21.944,-8.927],[8.547,21.8],[5.955,52.066]],"o":[[-16.429,8.967],[6.389,98.866],[-22.689,11.554],[-35.613,44.038],[63.088,48.178],[91.802,63.785],[11.667,22.5],[0,0],[0,0],[0,0],[-32.971,-85.593],[0,0],[-66.913,25.423],[-18.339,6.737],[-8.282,-20],[-27.667,12.592],[2.879,24.219],[-12.307,3.969],[-9.045,-26.257],[-29.599,6.32],[11.95,52.419],[-8.82,1.972],[-44.501,-106.402],[-5.442,-40.032]],"v":[[-189.938,-429.221],[-230.882,-344.328],[-92.565,124.463],[-284.726,38.164],[-274.104,123.855],[-91.802,321.808],[65.825,400.324],[85.74,446.242],[408.381,341.115],[392.562,286.977],[390.599,41.525],[289.187,-208.898],[223.692,-238.983],[194.186,-142.331],[157.011,-223.22],[91.503,-248.489],[61.528,-193.71],[75.019,-120.918],[35.74,-206.794],[-23.398,-242.712],[-58.627,-181.358],[-35.079,-60.565],[-57.514,-94.112],[-130.516,-379.643]],"c":true}]},{"i":{"x":0.667,"y":1},"o":{"x":0.333,"y":0},"t":56,"s":[{"i":[[36.314,-12.498],[0.692,-60.275],[-81.332,-222.456],[69.048,-64.859],[-8.946,-10.296],[-28.537,-12.486],[-16.672,-19.816],[0,0],[0,0],[0,0],[39.91,104.237],[0,0],[47.071,-13.559],[27.424,-9.788],[11.633,22.373],[29.26,-11.681],[-1.359,-21.12],[14.492,-4.826],[23.582,64.421],[28.483,-6.017],[-6.627,-24.998],[21.944,-8.927],[8.547,21.8],[5.955,52.066]],"o":[[-16.429,8.967],[6.389,98.866],[-22.689,11.554],[-35.613,44.038],[63.088,48.178],[91.802,63.785],[11.667,22.5],[0,0],[0,0],[0,0],[-32.971,-85.593],[0,0],[-66.913,25.423],[-18.339,6.737],[-8.282,-20],[-27.667,12.592],[2.879,24.219],[-12.307,3.969],[-9.045,-26.257],[-29.599,6.32],[11.95,52.419],[-8.82,1.972],[-44.501,-106.402],[-5.442,-40.032]],"v":[[-189.938,-429.221],[-230.882,-344.328],[-92.565,124.463],[-284.726,38.164],[-274.104,123.855],[-91.802,321.808],[65.825,400.324],[85.74,446.242],[408.381,341.115],[392.562,286.977],[390.599,41.525],[289.187,-208.898],[223.692,-238.983],[194.186,-142.331],[157.011,-223.22],[91.503,-248.489],[61.528,-193.71],[75.019,-120.918],[35.74,-206.794],[-23.398,-242.712],[-58.627,-181.358],[-35.079,-60.565],[-57.514,-94.112],[-130.516,-379.643]],"c":true}]},{"t":65,"s":[{"i":[[42.312,-5.464],[-8.912,-38.164],[-62.1,-217.942],[69.048,-64.859],[-8.946,-10.296],[-28.537,-12.486],[-16.672,-19.816],[0,0],[0,0],[0,0],[39.91,104.237],[0,0],[47.071,-13.559],[27.424,-9.788],[11.633,22.373],[29.26,-11.681],[-1.359,-21.12],[14.492,-4.826],[23.582,64.421],[28.483,-6.017],[-6.627,-24.998],[21.944,-8.927],[8.547,21.8],[15.864,33.778]],"o":[[-34.171,10.682],[32.729,81.658],[-22.689,11.554],[-35.613,44.039],[63.088,48.178],[91.802,63.785],[11.667,22.5],[0,0],[0,0],[0,0],[-32.971,-85.593],[0,0],[-66.913,25.424],[-18.339,6.737],[-8.282,-20],[-27.667,12.592],[2.879,24.219],[-12.307,3.969],[-9.045,-26.257],[-29.599,6.32],[11.95,52.419],[-8.82,1.972],[-35.965,-106.442],[-12.18,-15.511]],"v":[[-223.321,-405.843],[-255.378,-333.201],[-92.565,124.463],[-284.726,38.164],[-274.104,123.856],[-91.802,321.808],[65.825,400.325],[85.74,446.243],[408.381,341.116],[392.562,286.977],[390.599,41.526],[289.187,-208.898],[223.692,-238.983],[194.186,-142.331],[157.011,-223.22],[91.503,-248.489],[61.528,-193.71],[75.019,-120.918],[35.74,-206.794],[-23.398,-242.712],[-58.627,-181.358],[-35.079,-60.565],[-57.514,-94.112],[-163.73,-366.902]],"c":true}]}],"ix":2},"nm":"hand path","mn":"ADBE Vector Shape - Group","hd":false},{"ty":"fl","c":{"a":0,"k":[1,0.9372549019607843,0.8509803921568627,1],"ix":4},"o":{"a":0,"k":100,"ix":5},"r":1,"bm":0,"nm":"Fill 1","mn":"ADBE Vector Graphic - Fill","hd":false},{"ty":"st","c":{"a":0,"k":[0.792156862745098,0.6705882352941176,0.5137254901960784,1],"ix":3},"o":{"a":0,"k":100,"ix":4},"w":{"a":0,"k":27,"ix":5},"lc":2,"lj":2,"bm":0,"nm":"Stroke 1","mn":"ADBE Vector Graphic - Stroke","hd":false}],"ip":0,"op":300,"st":0,"bm":0}],"markers":[]}